variable,coef_beta,se_beta,pval,pct_change_per_unit,ci_lo_pct,ci_hi_pct
temperature_c,0.02450106968307149,0.0026061031248038225,5.383166086178072e-21,2.4803687321768297,1.958237538611951,3.0051737752498475
rain_mm,-0.11211893500459008,0.018348656863673467,9.933755021257975e-10,-10.606206933439566,-13.76398623372016,-7.332796475435166
snow_mm,-0.8300530941142215,0.19025138446381012,1.2833318302041773e-05,-56.397386471448115,-69.96917427387105,-36.69212016151502
weekend_flag,-0.020451946419239024,0.024571858384063946,0.40522151815665586,-2.024422388335023,-6.631185544952967,2.809635790770204
