variable,coef,se,pval,elasticity_pct_per_unit,ci_lo,ci_hi,adj_r2,rmse,mae
temperature_c,-0.013102701798805025,0.3130329888701192,0.9666124916724644,-0.06008075177081057,-2.873410771393765,2.753249267852144,0.7083151714227972,11.314137594346622,7.831133285022818
rain_mm,-5.355600429822594,0.5861567097905968,6.432373475848959e-20,-24.557416092394256,-29.82539846642294,-19.289433718365572,0.7083151714227972,11.314137594346622,7.831133285022818
weekend_flag,1.1805948473593197,2.5484343187605187,0.6431759985883949,5.413465639015172,-17.49014844295329,28.317079720983635,0.7083151714227972,11.314137594346622,7.831133285022818
