variable,coef_beta,se_beta,pval,pct_change_per_unit,ci_lo_pct,ci_hi_pct
temperature_c,-0.006456145304208138,0.0028532943578624794,0.02365427183447054,-0.6435349176455718,-1.1976308475164954,-0.08633154913596508
rain_mm,-0.3127717928224126,0.09647135609885421,0.001186437095329027,-26.858319190980595,-39.45938057465611,-11.634444405288813
weekend_flag,0.06505198659283115,0.017842342685475614,0.0002664233558610387,6.721450378795946,3.0537998925714405,10.519631326809598
